{
    "0": [
        [
            0.8354688476771116,
            0.8354688476771116,
            0.8354688476771116,
            0.8354688476771116,
            0.8354688476771116
        ],
        []
    ],
    "1": [
        [
            0.7632683798670769,
            0.8351155259956916,
            0.7844905568907659,
            0.8122526099905372,
            0.7764868487914404
        ],
        [
            0.7362682246292631,
            0.7967393949627877,
            0.8979801528776685,
            0.7862929973751307,
            0.871738699451089
        ]
    ],
    "2": [
        [
            0.875866089699169,
            0.8992229954650005,
            0.8286527552331487,
            0.812401951973637,
            0.8159847031037013
        ],
        [
            0.7547064640869697,
            0.8438369343057275,
            0.8122851043939591,
            0.8815361864864826,
            0.7766163486987352
        ]
    ],
    "3": [
        [
            0.8650867639730374,
            0.9027104695638021,
            0.8152239644279082,
            0.8819703449184696,
            0.8389656889562805
        ],
        [
            0.8561109182735284,
            0.863971810725828,
            0.8186494738484422,
            0.8705569794401526,
            0.8718521146724622
        ]
    ],
    "4": [
        [
            0.8588427477205793,
            0.8473806410407027,
            0.8195936635136605,
            0.8574595374986529,
            0.8550311050688227
        ],
        [
            0.8603042590121428,
            0.8372384229054054,
            0.8866802250345548,
            0.885848076765736,
            0.8470556327452262
        ]
    ],
    "5": [
        [
            0.8605944211905201,
            0.9070536141594251,
            0.8351759354273478,
            0.8826142604152362,
            0.8840432376911243
        ],
        [
            0.8714088138192893,
            0.8404127314686776,
            0.8838114742189646,
            0.8923895074675481,
            0.859683559089899
        ]
    ],
    "6": [
        [
            0.8381516157339016,
            0.9111441570644577,
            0.8852938750137885,
            0.8685074243073662,
            0.875024168441693
        ],
        [
            0.8723556614791353,
            0.9182539160673817,
            0.8786487439026435,
            0.8804369469483694,
            0.8953106168657541
        ]
    ],
    "7": [
        [
            0.8575801642611622,
            0.8782263138641914,
            0.8955662736048301,
            0.8600598871707916,
            0.8791529621928931
        ],
        [
            0.8431320489694675,
            0.8591784828032056,
            0.8817099759976069,
            0.8470637805139025,
            0.8648884906123082
        ]
    ],
    "8": [
        [
            0.8355491261929273,
            0.8958392215271791,
            0.9122159132113059,
            0.8567960545420646,
            0.8983540729930003
        ],
        [
            0.8634719494730234,
            0.8717450972646474,
            0.8848007009675105,
            0.8815210249895851,
            0.9059722255294521
        ]
    ],
    "9": [
        [
            0.8634118196864923,
            0.9073665282378595,
            0.9093545321996014,
            0.8727768819779158,
            0.8793685639897982
        ],
        [
            0.8254266879831751,
            0.8844162330031395,
            0.8734901705135901,
            0.9110118531932433,
            0.8533525955552856
        ]
    ]
}